{
  "project_info": {
    "project_number": "827465603307",
    "project_id": "clinic-app-project-430e8",
    "storage_bucket": "clinic-app-project-430e8.appspot.com"
  },
  "client": [
    {
      "client_info": {
        "mobilesdk_app_id": "1:827465603307:android:410e2f8fa36d5e3b4446ae",
        "android_client_info": {
          "package_name": "com.example.moclincapplication"
        }
      },
      "oauth_client": [],
      "api_key": [
        {
          "current_key": "AIzaSyCYQwZHN55ZEece5nMyJEcjuk5cVcFs810"
        }
      ],
      "services": {
        "appinvite_service": {
          "other_platform_oauth_client": []
        }
      }
    }
  ],
  "configuration_version": "1"
}